insert into PRODUCTS(product_id, product_name, imported_price, selling_price, num_in_stock) values('7466', 'Nước Suối',  '4500', '6000', '1000');
insert into PRODUCTS(product_id, product_name, imported_price, selling_price, num_in_stock) values('938', 'Nước Ép',  '6000', '15000', '1000');
insert into PRODUCTS(product_id, product_name, imported_price, selling_price, num_in_stock) values('4883', 'Trà Đá',  '3000', '5000', '1000');
insert into PRODUCTS(product_id, product_name, imported_price, selling_price, num_in_stock) values('1045', 'Sting',  '35000', '70000', '1000');
insert into PRODUCTS(product_id, product_name, imported_price, selling_price, num_in_stock) values('5639', 'Rượu Tây',  '70000', '150000', '1000');
insert into PRODUCTS(product_id, product_name, imported_price, selling_price, num_in_stock) values('9921', 'NumberOne',  '10000', '50000', '1000');
insert into PRODUCTS(product_id, product_name, imported_price, selling_price, num_in_stock) values('9121', 'C2',  '5000', '10000', '1000');
insert into PRODUCTS(product_id, product_name, imported_price, selling_price, num_in_stock) values('836', 'Nước Chanh',  '8000', '11000', '1000');
insert into PRODUCTS(product_id, product_name, imported_price, selling_price, num_in_stock) values('4401', 'Xá xị',  '6000', '10000', '1000');
insert into PRODUCTS(product_id, product_name, imported_price, selling_price, num_in_stock) values('2703', 'Revise',  '10000', '20000', '1000');


insert into ORDERS(order_id, created_date, employee_id) values('22697619', '05/10/2023', '3');
insert into ORDERS(order_id, created_date, employee_id) values(71234515, '14/09/2023', 1);
insert into ORDERS(order_id, created_date, employee_id) values(91053972, '15/10/2023', 2);
insert into ORDERS(order_id, created_date, employee_id) values(47498269, '04/07/2023', 2);
insert into ORDERS(order_id, created_date, employee_id) values(46491597, '13/03/2024', 2);
insert into ORDERS(order_id, created_date, employee_id) values(85698398, '26/03/2024', 3);
insert into ORDERS(order_id, created_date, employee_id) values(92687604, '23/08/2023', 3);
insert into ORDERS(order_id, created_date, employee_id) values(8995292, '23/10/2023', 1);
insert into ORDERS(order_id, created_date, employee_id) values(42762682, '01/02/2024', 3);
insert into ORDERS(order_id, created_date, employee_id) values(26180014, '29/12/2023', 2);
insert into ORDERS(order_id, created_date, employee_id) values(71334859, '04/12/2023', 2);
insert into ORDERS(order_id, created_date, employee_id) values(80261989, '13/05/2024', 1);
insert into ORDERS(order_id, created_date, employee_id) values(96878989, '19/01/2024', 1);
insert into ORDERS(order_id, created_date, employee_id) values(11371971, '02/10/2023', 2);
insert into ORDERS(order_id, created_date, employee_id) values(74106896, '30/06/2023', 3);
insert into ORDERS(order_id, created_date, employee_id) values(86422152, '27/10/2023', 2);
insert into ORDERS(order_id, created_date, employee_id) values(75121329, '18/06/2024', 2);
insert into ORDERS(order_id, created_date, employee_id) values(78140263, '06/05/2024', 2);
insert into ORDERS(order_id, created_date, employee_id) values(96478260, '06/02/2024', 3);
insert into ORDERS(order_id, created_date, employee_id) values(85988850, '21/02/2024', 2);
insert into ORDERS(order_id, created_date, employee_id) values(66846769, '22/12/2023', 1);
insert into ORDERS(order_id, created_date, employee_id) values(69800053, '13/11/2023', 3);
insert into ORDERS(order_id, created_date, employee_id) values(39350444, '09/04/2024', 3);
insert into ORDERS(order_id, created_date, employee_id) values(29008136, '20/04/2024', 2);
insert into ORDERS(order_id, created_date, employee_id) values(77156303, '30/07/2023', 2);
insert into ORDERS(order_id, created_date, employee_id) values(12581283, '24/12/2023', 4);
insert into ORDERS(order_id, created_date, employee_id) values(73342457, '26/09/2023', 2);
insert into ORDERS(order_id, created_date, employee_id) values(68504571, '03/10/2023', 2);
insert into ORDERS(order_id, created_date, employee_id) values(42555022, '10/02/2024', 1);
insert into ORDERS(order_id, created_date, employee_id) values(56338534, '28/03/2024', 2);
insert into ORDERS(order_id, created_date, employee_id) values(85376895, '03/12/2023', 2);
insert into ORDERS(order_id, created_date, employee_id) values(95366636, '12/05/2024', 1);
insert into ORDERS(order_id, created_date, employee_id) values(36645964, '24/06/2023', 3);
insert into ORDERS(order_id, created_date, employee_id) values(67178957, '07/08/2023', 2);
insert into ORDERS(order_id, created_date, employee_id) values(35454355, '20/06/2024', 2);
insert into ORDERS(order_id, created_date, employee_id) values(18580206, '28/02/2024', 4);
insert into ORDERS(order_id, created_date, employee_id) values(45667117, '06/05/2024', 2);
insert into ORDERS(order_id, created_date, employee_id) values(47028267, '31/08/2023', 3);
insert into ORDERS(order_id, created_date, employee_id) values(8834918, '09/12/2023', 2);
insert into ORDERS(order_id, created_date, employee_id) values(12256954, '16/07/2023', 1);
insert into ORDERS(order_id, created_date, employee_id) values(18998596, '04/07/2023', 3);
insert into ORDERS(order_id, created_date, employee_id) values(45002721, '15/03/2024', 2);
insert into ORDERS(order_id, created_date, employee_id) values(38510348, '07/12/2023', 2);
insert into ORDERS(order_id, created_date, employee_id) values(54126787, '22/06/2024', 3);
insert into ORDERS(order_id, created_date, employee_id) values(67037692, '26/03/2024', 2);
insert into ORDERS(order_id, created_date, employee_id) values(37035429, '23/03/2024', 1);
insert into ORDERS(order_id, created_date, employee_id) values(89637024, '04/11/2023', 1);
insert into ORDERS(order_id, created_date, employee_id) values(71413506, '14/07/2023', 4);
insert into ORDERS(order_id, created_date, employee_id) values(78646496, '05/08/2023', 2);
insert into ORDERS(order_id, created_date, employee_id) values(46785683, '17/12/2023', 2);


insert into ORDER_DETAILS(product_id, order_id, quantity) values(836, 22697619, 6);
insert into ORDER_DETAILS(product_id, order_id, quantity) values(7466, 22697619, 6);
insert into ORDER_DETAILS(product_id, order_id, quantity) values(836, 22697619, 10);
insert into ORDER_DETAILS(product_id, order_id, quantity) values(4883, 22697619, 10);
insert into ORDER_DETAILS(product_id, order_id, quantity) values(9121, 22697619, 7);
insert into ORDER_DETAILS(product_id, order_id, quantity) values(9121, 22697619, 7);
insert into ORDER_DETAILS(product_id, order_id, quantity) values(9121, 96878989, 1);
insert into ORDER_DETAILS(product_id, order_id, quantity) values(5639, 96878989, 1);
insert into ORDER_DETAILS(product_id, order_id, quantity) values(1045, 96878989, 9);
insert into ORDER_DETAILS(product_id, order_id, quantity) values(1045, 96878989, 3);
insert into ORDER_DETAILS(product_id, order_id, quantity) values(938, 96878989, 9);
insert into ORDER_DETAILS(product_id, order_id, quantity) values(9921, 96478260, 1);
insert into ORDER_DETAILS(product_id, order_id, quantity) values(7466, 96478260, 8);
insert into ORDER_DETAILS(product_id, order_id, quantity) values(1045, 96478260, 7);
insert into ORDER_DETAILS(product_id, order_id, quantity) values(836, 96478260, 9);
insert into ORDER_DETAILS(product_id, order_id, quantity) values(9921, 96478260, 3);

insert into ORDER_DETAILS(product_id, order_id, quantity) values(5639, 92687604, 10);
insert into ORDER_DETAILS(product_id, order_id, quantity) values(836, 92687604, 3);
insert into ORDER_DETAILS(product_id, order_id, quantity) values(2703, 92687604, 2);
insert into ORDER_DETAILS(product_id, order_id, quantity) values(7466, 92687604, 3);
insert into ORDER_DETAILS(product_id, order_id, quantity) values(5639, 91053972, 2);
insert into ORDER_DETAILS(product_id, order_id, quantity) values(4883, 91053972, 10);
insert into ORDER_DETAILS(product_id, order_id, quantity) values(9121, 91053972, 3);
insert into ORDER_DETAILS(product_id, order_id, quantity) values(9921, 91053972, 8);
insert into ORDER_DETAILS(product_id, order_id, quantity) values(1045, 89637024, 5);
insert into ORDER_DETAILS(product_id, order_id, quantity) values(5639, 89637024, 2);
insert into ORDER_DETAILS(product_id, order_id, quantity) values(9921, 89637024, 6);
insert into ORDER_DETAILS(product_id, order_id, quantity) values(4401, 89637024, 8);
insert into ORDER_DETAILS(product_id, order_id, quantity) values(836, 89637024, 7);
insert into ORDER_DETAILS(product_id, order_id, quantity) values(9121, 89637024, 2);
insert into ORDER_DETAILS(product_id, order_id, quantity) values(836, 86422152, 10);
insert into ORDER_DETAILS(product_id, order_id, quantity) values(1045, 86422152, 10);
insert into ORDER_DETAILS(product_id, order_id, quantity) values(4883, 86422152, 1);
insert into ORDER_DETAILS(product_id, order_id, quantity) values(9921, 86422152, 3);
insert into ORDER_DETAILS(product_id, order_id, quantity) values(2703, 85988850, 2);
insert into ORDER_DETAILS(product_id, order_id, quantity) values(2703, 85988850, 2);
insert into ORDER_DETAILS(product_id, order_id, quantity) values(9921, 85988850, 1);
insert into ORDER_DETAILS(product_id, order_id, quantity) values(2703, 85988850, 1);
insert into ORDER_DETAILS(product_id, order_id, quantity) values(5639, 85698398, 6);
insert into ORDER_DETAILS(product_id, order_id, quantity) values(7466, 85698398, 3);
insert into ORDER_DETAILS(product_id, order_id, quantity) values(836, 85698398, 2);
insert into ORDER_DETAILS(product_id, order_id, quantity) values(1045, 85698398, 1);
insert into ORDER_DETAILS(product_id, order_id, quantity) values(5639, 85698398, 10);
insert into ORDER_DETAILS(product_id, order_id, quantity) values(2703, 85376895, 3);
insert into ORDER_DETAILS(product_id, order_id, quantity) values(5639, 85376895, 4);
insert into ORDER_DETAILS(product_id, order_id, quantity) values(4401, 85376895, 6);
insert into ORDER_DETAILS(product_id, order_id, quantity) values(2703, 80261989, 7);
insert into ORDER_DETAILS(product_id, order_id, quantity) values(9921, 80261989, 1);
insert into ORDER_DETAILS(product_id, order_id, quantity) values(836, 80261989, 2);
insert into ORDER_DETAILS(product_id, order_id, quantity) values(4401, 78646496, 7);
insert into ORDER_DETAILS(product_id, order_id, quantity) values(938, 78646496, 3);
insert into ORDER_DETAILS(product_id, order_id, quantity) values(2703, 78646496, 6);
insert into ORDER_DETAILS(product_id, order_id, quantity) values(4883, 78646496, 9);
insert into ORDER_DETAILS(product_id, order_id, quantity) values(7466, 78140263, 8);
insert into ORDER_DETAILS(product_id, order_id, quantity) values(7466, 78140263, 7);
insert into ORDER_DETAILS(product_id, order_id, quantity) values(1045, 77156303, 4);
insert into ORDER_DETAILS(product_id, order_id, quantity) values(938, 77156303, 6);
insert into ORDER_DETAILS(product_id, order_id, quantity) values(938, 77156303, 7);
insert into ORDER_DETAILS(product_id, order_id, quantity) values(1045, 77156303, 4);
insert into ORDER_DETAILS(product_id, order_id, quantity) values(836, 77156303, 8);
insert into ORDER_DETAILS(product_id, order_id, quantity) values(9121, 75121329, 4);
insert into ORDER_DETAILS(product_id, order_id, quantity) values(4401, 75121329, 1);
insert into ORDER_DETAILS(product_id, order_id, quantity) values(9921, 75121329, 3);
insert into ORDER_DETAILS(product_id, order_id, quantity) values(2703, 75121329, 3);
insert into ORDER_DETAILS(product_id, order_id, quantity) values(5639, 74106896, 6);
insert into ORDER_DETAILS(product_id, order_id, quantity) values(938, 73342457, 5);
insert into ORDER_DETAILS(product_id, order_id, quantity) values(9921, 73342457, 1);
insert into ORDER_DETAILS(product_id, order_id, quantity) values(4401, 73342457, 3);
insert into ORDER_DETAILS(product_id, order_id, quantity) values(9121, 71413506, 9);
insert into ORDER_DETAILS(product_id, order_id, quantity) values(4401, 71413506, 5);
insert into ORDER_DETAILS(product_id, order_id, quantity) values(9121, 71413506, 4);
insert into ORDER_DETAILS(product_id, order_id, quantity) values(7466, 71413506, 1);
insert into ORDER_DETAILS(product_id, order_id, quantity) values(4401, 71413506, 9);
insert into ORDER_DETAILS(product_id, order_id, quantity) values(4401, 71413506, 3);
insert into ORDER_DETAILS(product_id, order_id, quantity) values(1045, 71334859, 6);
insert into ORDER_DETAILS(product_id, order_id, quantity) values(4883, 71334859, 10);
insert into ORDER_DETAILS(product_id, order_id, quantity) values(9121, 71334859, 8);
insert into ORDER_DETAILS(product_id, order_id, quantity) values(9121, 71234515, 3);
insert into ORDER_DETAILS(product_id, order_id, quantity) values(4883, 71234515, 5);
insert into ORDER_DETAILS(product_id, order_id, quantity) values(938, 71234515, 10);
insert into ORDER_DETAILS(product_id, order_id, quantity) values(9121, 71234515, 8);
insert into ORDER_DETAILS(product_id, order_id, quantity) values(7466, 71234515, 5);
insert into ORDER_DETAILS(product_id, order_id, quantity) values(836, 69800053, 2);
insert into ORDER_DETAILS(product_id, order_id, quantity) values(2703, 69800053, 5);
insert into ORDER_DETAILS(product_id, order_id, quantity) values(4401, 68504571, 8);
insert into ORDER_DETAILS(product_id, order_id, quantity) values(2703, 68504571, 2);
insert into ORDER_DETAILS(product_id, order_id, quantity) values(9921, 68504571, 10);
insert into ORDER_DETAILS(product_id, order_id, quantity) values(938, 67178957, 6);
insert into ORDER_DETAILS(product_id, order_id, quantity) values(7466, 67178957, 10);
insert into ORDER_DETAILS(product_id, order_id, quantity) values(9121, 67178957, 2);
insert into ORDER_DETAILS(product_id, order_id, quantity) values(2703, 67178957, 8);
insert into ORDER_DETAILS(product_id, order_id, quantity) values(7466, 67037692, 10);
insert into ORDER_DETAILS(product_id, order_id, quantity) values(7466, 67037692, 4);
insert into ORDER_DETAILS(product_id, order_id, quantity) values(4883, 67037692, 3);
insert into ORDER_DETAILS(product_id, order_id, quantity) values(5639, 67037692, 1);
insert into ORDER_DETAILS(product_id, order_id, quantity) values(938, 67037692, 1);
insert into ORDER_DETAILS(product_id, order_id, quantity) values(4401, 67037692, 4);
insert into ORDER_DETAILS(product_id, order_id, quantity) values(7466, 67037692, 2);
insert into ORDER_DETAILS(product_id, order_id, quantity) values(4883, 66846769, 3);
insert into ORDER_DETAILS(product_id, order_id, quantity) values(9121, 66846769, 5);
insert into ORDER_DETAILS(product_id, order_id, quantity) values(5639, 66846769, 7);
insert into ORDER_DETAILS(product_id, order_id, quantity) values(1045, 66846769, 3);
insert into ORDER_DETAILS(product_id, order_id, quantity) values(4883, 66846769, 1);
insert into ORDER_DETAILS(product_id, order_id, quantity) values(2703, 66846769, 7);
insert into ORDER_DETAILS(product_id, order_id, quantity) values(2703, 56338534, 5);
insert into ORDER_DETAILS(product_id, order_id, quantity) values(4883, 56338534, 3);
insert into ORDER_DETAILS(product_id, order_id, quantity) values(4883, 56338534, 7);
insert into ORDER_DETAILS(product_id, order_id, quantity) values(938, 56338534, 10);
insert into ORDER_DETAILS(product_id, order_id, quantity) values(4401, 54126787, 1);
insert into ORDER_DETAILS(product_id, order_id, quantity) values(5639, 54126787, 3);
insert into ORDER_DETAILS(product_id, order_id, quantity) values(5639, 54126787, 6);
insert into ORDER_DETAILS(product_id, order_id, quantity) values(9121, 47498269, 6);
insert into ORDER_DETAILS(product_id, order_id, quantity) values(1045, 47498269, 10);
insert into ORDER_DETAILS(product_id, order_id, quantity) values(9921, 47498269, 3);
insert into ORDER_DETAILS(product_id, order_id, quantity) values(7466, 47028267, 3);
insert into ORDER_DETAILS(product_id, order_id, quantity) values(9121, 47028267, 1);
insert into ORDER_DETAILS(product_id, order_id, quantity) values(938, 46785683, 7);
insert into ORDER_DETAILS(product_id, order_id, quantity) values(2703, 46785683, 8);
insert into ORDER_DETAILS(product_id, order_id, quantity) values(7466, 46785683, 8);
insert into ORDER_DETAILS(product_id, order_id, quantity) values(7466, 46785683, 7);
insert into ORDER_DETAILS(product_id, order_id, quantity) values(9121, 46785683, 10);
insert into ORDER_DETAILS(product_id, order_id, quantity) values(4401, 46785683, 3);
insert into ORDER_DETAILS(product_id, order_id, quantity) values(9121, 46491597, 1);
insert into ORDER_DETAILS(product_id, order_id, quantity) values(2703, 46491597, 2);
insert into ORDER_DETAILS(product_id, order_id, quantity) values(2703, 46491597, 9);
insert into ORDER_DETAILS(product_id, order_id, quantity) values(9121, 46491597, 6);
insert into ORDER_DETAILS(product_id, order_id, quantity) values(9121, 45667117, 7);
insert into ORDER_DETAILS(product_id, order_id, quantity) values(1045, 45667117, 6);
insert into ORDER_DETAILS(product_id, order_id, quantity) values(836, 45667117, 10);
insert into ORDER_DETAILS(product_id, order_id, quantity) values(1045, 45667117, 6);
insert into ORDER_DETAILS(product_id, order_id, quantity) values(4883, 45667117, 3);
insert into ORDER_DETAILS(product_id, order_id, quantity) values(4401, 45667117, 9);
insert into ORDER_DETAILS(product_id, order_id, quantity) values(2703, 45002721, 5);
insert into ORDER_DETAILS(product_id, order_id, quantity) values(9121, 45002721, 4);
insert into ORDER_DETAILS(product_id, order_id, quantity) values(4883, 45002721, 4);
insert into ORDER_DETAILS(product_id, order_id, quantity) values(4883, 45002721, 9);
insert into ORDER_DETAILS(product_id, order_id, quantity) values(4883, 45002721, 6);
insert into ORDER_DETAILS(product_id, order_id, quantity) values(4401, 45002721, 5);
insert into ORDER_DETAILS(product_id, order_id, quantity) values(2703, 45002721, 5);
insert into ORDER_DETAILS(product_id, order_id, quantity) values(9921, 42762682, 1);
insert into ORDER_DETAILS(product_id, order_id, quantity) values(5639, 42762682, 9);
insert into ORDER_DETAILS(product_id, order_id, quantity) values(7466, 42762682, 4);
insert into ORDER_DETAILS(product_id, order_id, quantity) values(938, 42762682, 9);
insert into ORDER_DETAILS(product_id, order_id, quantity) values(1045, 42762682, 2);
insert into ORDER_DETAILS(product_id, order_id, quantity) values(938, 42555022, 1);
insert into ORDER_DETAILS(product_id, order_id, quantity) values(1045, 42555022, 8);
insert into ORDER_DETAILS(product_id, order_id, quantity) values(7466, 39350444, 10);
insert into ORDER_DETAILS(product_id, order_id, quantity) values(938, 39350444, 8);
insert into ORDER_DETAILS(product_id, order_id, quantity) values(2703, 39350444, 1);
insert into ORDER_DETAILS(product_id, order_id, quantity) values(4883, 39350444, 5);
insert into ORDER_DETAILS(product_id, order_id, quantity) values(938, 39350444, 3);
insert into ORDER_DETAILS(product_id, order_id, quantity) values(4401, 38510348, 2);
insert into ORDER_DETAILS(product_id, order_id, quantity) values(9921, 38510348, 8);
insert into ORDER_DETAILS(product_id, order_id, quantity) values(938, 38510348, 8);
insert into ORDER_DETAILS(product_id, order_id, quantity) values(9921, 38510348, 2);
insert into ORDER_DETAILS(product_id, order_id, quantity) values(9921, 37035429, 6);
insert into ORDER_DETAILS(product_id, order_id, quantity) values(5639, 37035429, 8);
insert into ORDER_DETAILS(product_id, order_id, quantity) values(4401, 37035429, 4);
insert into ORDER_DETAILS(product_id, order_id, quantity) values(9121, 37035429, 5);
insert into ORDER_DETAILS(product_id, order_id, quantity) values(5639, 37035429, 2);
insert into ORDER_DETAILS(product_id, order_id, quantity) values(7466, 36645964, 1);
insert into ORDER_DETAILS(product_id, order_id, quantity) values(938, 36645964, 9);
insert into ORDER_DETAILS(product_id, order_id, quantity) values(1045, 36645964, 9);
insert into ORDER_DETAILS(product_id, order_id, quantity) values(4883, 36645964, 2);
insert into ORDER_DETAILS(product_id, order_id, quantity) values(9921, 36645964, 10);
insert into ORDER_DETAILS(product_id, order_id, quantity) values(1045, 36645964, 9);
insert into ORDER_DETAILS(product_id, order_id, quantity) values(9921, 35454355, 5);
insert into ORDER_DETAILS(product_id, order_id, quantity) values(5639, 35454355, 2);
insert into ORDER_DETAILS(product_id, order_id, quantity) values(9921, 29008136, 9);
insert into ORDER_DETAILS(product_id, order_id, quantity) values(7466, 29008136, 8);
insert into ORDER_DETAILS(product_id, order_id, quantity) values(836, 22697619, 6);
insert into ORDER_DETAILS(product_id, order_id, quantity) values(7466, 22697619, 6);
insert into ORDER_DETAILS(product_id, order_id, quantity) values(836, 22697619, 10);
insert into ORDER_DETAILS(product_id, order_id, quantity) values(4883, 22697619, 10);
insert into ORDER_DETAILS(product_id, order_id, quantity) values(9121, 22697619, 7);
insert into ORDER_DETAILS(product_id, order_id, quantity) values(9121, 22697619, 7);
insert into ORDER_DETAILS(product_id, order_id, quantity) values(2703, 18998596, 7);
insert into ORDER_DETAILS(product_id, order_id, quantity) values(7466, 18998596, 8);
insert into ORDER_DETAILS(product_id, order_id, quantity) values(2703, 18998596, 8);
insert into ORDER_DETAILS(product_id, order_id, quantity) values(9121, 18998596, 8);
insert into ORDER_DETAILS(product_id, order_id, quantity) values(4401, 18580206, 1);
insert into ORDER_DETAILS(product_id, order_id, quantity) values(9921, 18580206, 7);
insert into ORDER_DETAILS(product_id, order_id, quantity) values(2703, 12581283, 3);
insert into ORDER_DETAILS(product_id, order_id, quantity) values(4401, 12581283, 6);
insert into ORDER_DETAILS(product_id, order_id, quantity) values(7466, 12581283, 9);
insert into ORDER_DETAILS(product_id, order_id, quantity) values(7466, 12256954, 9);
insert into ORDER_DETAILS(product_id, order_id, quantity) values(836, 12256954, 9);
insert into ORDER_DETAILS(product_id, order_id, quantity) values(938, 12256954, 3);
insert into ORDER_DETAILS(product_id, order_id, quantity) values(5639, 12256954, 3);
insert into ORDER_DETAILS(product_id, order_id, quantity) values(1045, 11371971, 5);
insert into ORDER_DETAILS(product_id, order_id, quantity) values(7466, 11371971, 8);
insert into ORDER_DETAILS(product_id, order_id, quantity) values(2703, 11371971, 3);
insert into ORDER_DETAILS(product_id, order_id, quantity) values(938, 11371971, 1);
insert into ORDER_DETAILS(product_id, order_id, quantity) values(2703, 8995292, 3);
insert into ORDER_DETAILS(product_id, order_id, quantity) values(9121, 8995292, 10);
insert into ORDER_DETAILS(product_id, order_id, quantity) values(836, 8995292, 6);
insert into ORDER_DETAILS(product_id, order_id, quantity) values(4883, 8995292, 8);
insert into ORDER_DETAILS(product_id, order_id, quantity) values(9121, 8995292, 2);
insert into ORDER_DETAILS(product_id, order_id, quantity) values(4401, 8995292, 3);
insert into ORDER_DETAILS(product_id, order_id, quantity) values(1045, 8995292, 3);
insert into ORDER_DETAILS(product_id, order_id, quantity) values(1045, 8834918, 5);
insert into ORDER_DETAILS(product_id, order_id, quantity) values(9921, 8834918, 7);
insert into ORDER_DETAILS(product_id, order_id, quantity) values(9921, 8834918, 7);
insert into ORDER_DETAILS(product_id, order_id, quantity) values(836, 8834918, 5);
insert into ORDER_DETAILS(product_id, order_id, quantity) values(2703, 8834918, 2);
insert into ORDER_DETAILS(product_id, order_id, quantity) values(1045, 8834918, 10);